timestamp,algorithm,total_ms,populate_ms,measureFitness_ms,bestOf_ms,tournament_ms
2025-10-14 19:16:55,ExecutorService 7 Threads,28468,143,10137,424,17774
2025-10-14 19:17:24,ExecutorService 8 Threads,28518,73,9993,434,17977
2025-10-14 19:17:51,ExecutorService 9 Threads,26725,62,9419,430,16776
2025-10-14 19:18:19,ExecutorService 10 Threads,28177,49,9508,421,18145
2025-10-14 19:18:47,ExecutorService 11 Threads,28083,90,9656,450,17879
2025-10-14 19:19:15,ExecutorService 12 Threads,27900,48,9550,429,17829
2025-10-14 19:19:54,ExecutorService 6 Threads,38334,67,12842,399,25001
2025-10-14 19:20:33,ExecutorService 5 Threads,39826,82,13503,430,25810
2025-10-14 19:21:18,ExecutorService 4 Threads,44500,102,15073,468,28877
2025-10-14 19:22:19,ExecutorService 3 Threads,60476,143,20517,486,39323


2025-10-14 19:28:45,ExecutorService 7 Threads,27913,136,9888,428,17461
2025-10-14 19:29:14,ExecutorService 8 Threads,28324,48,9624,438,18174
2025-10-14 19:29:46,ExecutorService 9 Threads,31909,46,10720,487,20578
2025-10-14 19:30:14,ExecutorService 10 Threads,28129,71,9725,433,17878
2025-10-14 19:30:45,ExecutorService 11 Threads,31359,65,10443,468,20349
2025-10-14 19:31:13,ExecutorService 12 Threads,27421,48,9500,426,17407
2025-10-14 19:31:50,ExecutorService 6 Threads,37153,55,12991,408,23670
2025-10-14 19:32:28,ExecutorService 5 Threads,38358,53,13241,420,24617
2025-10-14 19:33:08,ExecutorService 4 Threads,39775,99,14090,431,25162
2025-10-14 19:33:58,ExecutorService 3 Threads,49437,127,17428,400,31489

2025-10-14 19:34:56,ExecutorService 7 Threads,27255,118,9962,450,16735
2025-10-14 19:35:23,ExecutorService 8 Threads,27622,49,9729,435,17368
2025-10-14 19:35:51,ExecutorService 9 Threads,27699,67,9796,453,17373
2025-10-14 19:36:18,ExecutorService 10 Threads,26954,47,9641,421,16798
2025-10-14 19:36:46,ExecutorService 11 Threads,27992,49,9707,432,17759
2025-10-14 19:37:14,ExecutorService 12 Threads,28105,54,9702,443,17855
2025-10-14 19:37:53,ExecutorService 6 Threads,38356,52,13059,411,24783
2025-10-14 19:38:31,ExecutorService 5 Threads,38156,60,13342,417,24321
2025-10-14 19:39:11,ExecutorService 4 Threads,39947,71,13619,409,25820
2025-10-14 19:40:00,ExecutorService 3 Threads,48786,109,17217,405,31047

2025-10-14 19:41:40,ExecutorService 7 Threads,30547,129,10820,461,19084
2025-10-14 19:42:10,ExecutorService 8 Threads,29240,67,10237,451,18455
2025-10-14 19:42:39,ExecutorService 9 Threads,29020,48,9514,439,18951
2025-10-14 19:43:07,ExecutorService 10 Threads,28316,48,9667,455,18104
2025-10-14 19:43:36,ExecutorService 11 Threads,29134,51,9772,442,18805
2025-10-14 19:44:04,ExecutorService 12 Threads,27718,49,9636,424,17553
2025-10-14 19:44:42,ExecutorService 6 Threads,37752,52,13030,419,24221
2025-10-14 19:45:20,ExecutorService 5 Threads,38574,84,13237,409,24819
2025-10-14 19:46:00,ExecutorService 4 Threads,39515,73,13741,417,25250
2025-10-14 19:46:48,ExecutorService 3 Threads,47950,106,17038,414,30385

2025-10-14 19:48:21,ExecutorService 7 Threads,30429,150,10734,452,19103
2025-10-14 19:48:49,ExecutorService 8 Threads,27596,47,9965,431,17105
2025-10-14 19:49:17,ExecutorService 9 Threads,28473,48,9694,430,18210
2025-10-14 19:49:46,ExecutorService 10 Threads,28233,63,9849,443,17850
2025-10-14 19:50:13,ExecutorService 11 Threads,26966,50,9588,438,16844
2025-10-14 19:50:40,ExecutorService 12 Threads,27359,48,9563,434,17272
2025-10-14 19:51:18,ExecutorService 6 Threads,37575,59,12800,421,24277
2025-10-14 19:51:57,ExecutorService 5 Threads,39202,64,13315,411,25381
2025-10-14 19:52:39,ExecutorService 4 Threads,41763,71,14477,421,26795
2025-10-14 19:53:30,ExecutorService 3 Threads,50971,100,17443,443,32990

2025-10-14 20:16:27,ExecutorService 7 Threads,32859,139,10532,515,21565
2025-10-14 20:16:53,ExecutorService 8 Threads,26440,47,9046,426,16871
2025-10-14 20:17:21,ExecutorService 9 Threads,27330,47,8806,432,17971
2025-10-14 20:17:48,ExecutorService 10 Threads,27856,67,8803,461,18495
2025-10-14 20:18:15,ExecutorService 11 Threads,26580,49,8960,447,17079
2025-10-14 20:18:42,ExecutorService 12 Threads,26742,50,8885,432,17335

2025-10-14 20:19:09,ExecutorService 7 Threads,27525,45,8922,429,18087
2025-10-14 20:19:35,ExecutorService 8 Threads,25704,53,8731,429,16454
2025-10-14 20:20:03,ExecutorService 9 Threads,27718,49,8846,439,18343
2025-10-14 20:20:31,ExecutorService 10 Threads,27781,86,9023,434,18230
2025-10-14 20:20:59,ExecutorService 11 Threads,27668,48,8982,455,18144
2025-10-14 20:21:25,ExecutorService 12 Threads,26639,70,9060,445,17023

2025-10-14 20:21:53,ExecutorService 7 Threads,27346,46,8862,447,17943
2025-10-14 20:22:23,ExecutorService 8 Threads,30485,70,10250,469,19677
2025-10-14 20:22:51,ExecutorService 9 Threads,27863,65,9193,433,18134
2025-10-14 20:23:18,ExecutorService 10 Threads,26628,74,9120,447,16982
2025-10-14 20:23:45,ExecutorService 11 Threads,27439,52,8954,438,17960
2025-10-14 20:24:12,ExecutorService 12 Threads,26269,49,9006,423,16734

2025-10-14 20:24:40,ExecutorService 7 Threads,28522,49,8899,448,19089
2025-10-14 20:25:08,ExecutorService 8 Threads,27479,50,8780,459,18160
2025-10-14 20:25:36,ExecutorService 9 Threads,28259,66,9005,444,18733
2025-10-14 20:26:03,ExecutorService 10 Threads,26549,46,8787,428,17248
2025-10-14 20:26:33,ExecutorService 11 Threads,30040,48,9472,479,19971
2025-10-14 20:27:00,ExecutorService 12 Threads,27461,49,8921,445,18014

2025-10-14 20:27:29,ExecutorService 7 Threads,28414,69,9346,466,18511
2025-10-14 20:27:57,ExecutorService 8 Threads,28282,49,9183,451,18564
2025-10-14 20:28:28,ExecutorService 9 Threads,30800,49,9567,470,20552
2025-10-14 20:28:55,ExecutorService 10 Threads,27401,65,8918,448,17940
2025-10-14 20:29:22,ExecutorService 11 Threads,26827,65,8795,433,17523
2025-10-14 20:29:50,ExecutorService 12 Threads,27528,48,8784,434,18232

2025-10-14 20:30:19,ExecutorService 7 Threads,28737,71,9117,453,19057
2025-10-14 20:30:44,ExecutorService 8 Threads,24681,68,8520,425,15655
2025-10-14 20:31:10,ExecutorService 9 Threads,26773,50,8809,424,17449
2025-10-14 20:31:37,ExecutorService 10 Threads,26629,47,9020,431,17090
2025-10-14 20:32:03,ExecutorService 11 Threads,26356,49,8694,440,17149
2025-10-14 20:32:34,ExecutorService 12 Threads,30316,73,9703,475,19926

2025-10-14 20:33:08,ExecutorService 7 Threads,34148,180,12180,502,21282
2025-10-14 20:33:39,ExecutorService 8 Threads,31240,51,9743,498,20905
2025-10-14 20:34:07,ExecutorService 9 Threads,27240,48,8749,438,17974
2025-10-14 20:34:33,ExecutorService 10 Threads,26722,49,9076,457,17060
2025-10-14 20:35:02,ExecutorService 11 Threads,28238,50,9016,449,18691
2025-10-14 20:35:30,ExecutorService 12 Threads,28467,55,9184,454,18728

2025-10-14 20:35:58,ExecutorService 7 Threads,27716,71,8872,444,18315
2025-10-14 20:36:31,ExecutorService 8 Threads,32747,48,10048,492,22005
2025-10-14 20:36:59,ExecutorService 9 Threads,28395,49,9061,436,18806
2025-10-14 20:37:28,ExecutorService 10 Threads,28232,50,9065,443,18644
2025-10-14 20:37:56,ExecutorService 11 Threads,27981,49,8930,440,18507
2025-10-14 20:38:23,ExecutorService 12 Threads,27551,49,9284,444,17729

2025-10-14 20:38:51,ExecutorService 7 Threads,27953,48,9318,447,18101
2025-10-14 20:39:23,ExecutorService 8 Threads,31773,50,9711,489,21243
2025-10-14 20:39:52,ExecutorService 9 Threads,28520,49,8929,454,19062
2025-10-14 20:40:20,ExecutorService 10 Threads,28098,52,8926,441,18643
2025-10-14 20:40:48,ExecutorService 11 Threads,27807,50,9131,446,18155
2025-10-14 20:41:17,ExecutorService 12 Threads,29426,49,9479,461,19368

2025-10-14 20:41:43,ExecutorService 7 Threads,26257,51,8826,436,16914
2025-10-14 20:42:10,ExecutorService 8 Threads,26661,49,8829,433,17314
2025-10-14 20:42:44,ExecutorService 9 Threads,34226,49,10411,540,23070
2025-10-14 20:43:13,ExecutorService 10 Threads,28271,68,9555,442,18183
2025-10-14 20:43:46,ExecutorService 11 Threads,33072,48,10299,533,22150
2025-10-14 20:44:24,ExecutorService 12 Threads,38156,98,12288,588,24956


